name,file,template,loadspec,secondary,group,vol_min,vol_max,team_vol_mod,dist_min,dist_max,dist_reverb_max,volume_falloff_curve,reverb_falloff_curve,volume_min_falloff_curve,reverb_min_falloff_curve,limit_count,limit_type,entity_limit_count,entity_limit_type,pitch_min,pitch_max,team_pitch_mod,min_priority,max_priority,min_priority_threshold,max_priority_threshold,spatialized,type,loop,randomize_type,probability,start_delay,reverb_send,duck,pan,center_send,envelop_min,envelop_max,envelop_percentage,occlusion_level,occlusion_wet_dry,is_big,distance_lpf,move_type,move_time,real_delay,subtitle,mature,doppler,futz,context_type,context_value,compression,timescale,music,fade_in,fade_out,pc_format,pause,stop_on_death,bus,snapshot,voice_limit,file_xenon,file_size_xenon,file_ps3,file_size_ps3,file_pc,file_size_pc,file_wii,file_size_wii,source_csv,language
# Menu
mus_zmb_mainmenu,raw\sound\mus\zombie_theatre\mus_theatre_underscore.wav,,sp_menu,,music,90,90,100,0,0,0,default,default,allon,rdefault,5,priority,5,reject,0,0,0,100,100,0,0,2d,streamed,looping,,1,200,96,,quad,0,0,0,0,0.5,0.5,no,yes,none,1000,no,,both,no,no,,,75,no,no,0,0,wma,yes,no,world,music,no,discdata\sound\mus\zombie_theatre\mus_theatre_underscore_l.xm4,0,discdata\sound\mus\zombie_theatre\mus_theatre_underscore_l.mp3,0,discdata\sound\mus\zombie_theatre\mus_theatre_underscore_l.wav,0,,,cmn_ui,all
zmb_cha_ching,raw\sound\evt\zombie_global\purchase\accept\accept_00.wav,,,,event,97,97,100,50,350,600,curve3,curve2,allon,rdefault,5,priority,5,reject,0,0,0,25,50,0.25,1,3d,loaded,nonlooping,,1,0,96,,default,0,50,150,92,0.4,0.5,no,yes,none,1000,no,,both,no,no,,,75,no,no,0,0,wma,yes,no,world,ambience,no,raw\sound\evt\zombie_global\purchase\accept\accept_00.xm4,0,raw\sound\evt\zombie_global\purchase\accept\accept_00.mp3,0,raw\sound\evt\zombie_global\purchase\accept\accept_00.wav,0,,,zmb_common,all
zmb_no_cha_ching,raw\sound\evt\zombie_global\purchase\deny\deny_00.wav,,,,event,97,97,100,50,350,600,curve3,curve2,allon,rdefault,5,priority,5,reject,0,0,0,25,50,0.25,1,3d,loaded,nonlooping,,1,0,96,,default,0,50,150,92,0.4,0.5,no,yes,none,1000,no,,both,no,no,,,75,no,no,0,0,wma,yes,no,world,ambience,no,raw\sound\evt\zombie_global\purchase\deny\deny_00.xm4,0,raw\sound\evt\zombie_global\purchase\deny\deny_00.mp3,0,raw\sound\evt\zombie_global\purchase\deny\deny_00.wav,0,,,zmb_common,all
# Rounds
mus_zombie_splash_screen,raw\sound\mus\zombie\zombie_global\mus_zombie_splash_screen.wav,mus_normal_2d,,,music,94,94,100,0,0,0,default,default,allon,rdefault,5,priority,5,reject,0,0,0,100,100,0,1,2d,streamed,nonlooping,,1,0,0,,music_all,0,0,0,0,0.5,0.5,no,yes,none,1000,no,,both,no,no,,,75,no,yes,0,0,wma,yes,no,world,music,no,discdata\sound\mus\zombie\zombie_global\mus_zombie_splash_screen.xm4,0,discdata\sound\mus\zombie\zombie_global\mus_zombie_splash_screen.mp3,0,discdata\sound\mus\zombie\zombie_global\mus_zombie_splash_screen.wav,0,,,zmb_music,all
mus_zombie_game_over,raw\sound\mus\zombie\game_over\mus_gameover_abracadavre.wav,mus_normal_2d,zombie_mus_shared,,music,93,93,100,0,0,0,default,default,allon,rdefault,5,priority,5,reject,0,0,0,100,100,0,1,2d,streamed,nonlooping,,1,0,0,,music_all,0,0,0,0,0.5,0.5,no,yes,none,1000,no,,both,no,no,,,75,no,yes,0,0,wma,yes,no,world,music,no,discdata\sound\mus\zombie\game_over\mus_gameover_abracadavre.xm4,0,discdata\sound\mus\zombie\game_over\mus_gameover_abracadavre.mp3,0,discdata\sound\mus\zombie\game_over\mus_gameover_abracadavre.wav,0,,,zmb_music,all
# Weapons
# T5
# Specials
wpn_tesla_1straise_npc,raw\sound\fly\gear\rattle\rattle_00.wav,wpn_all_reload_npc,wpn_tesla,,reload,94,96,100,150,1000,1000,default,default,allon,rdefault,4,priority,5,reject,-88,84,0,15,30,0.25,1,3d,loaded,nonlooping,,1,0,92,,default,0,0,0,0,0.5,0.5,no,yes,none,1000,no,,both,no,no,,,75,no,no,0,0,wma,yes,no,world,reload,no,raw\sound\fly\gear\rattle\rattle_00.xm4,0,raw\sound\fly\gear\rattle\rattle_00.mp3,0,raw\sound\fly\gear\rattle\rattle_00.wav,0,raw\sound\fly\gear\rattle\rattle_00.wds,0,wpn_special,all
wpn_tesla_1straise_npc,raw\sound\fly\gear\rattle\rattle_01.wav,wpn_all_reload_npc,wpn_tesla,,reload,94,96,100,150,1000,1000,default,default,allon,rdefault,4,priority,5,reject,-88,84,0,15,30,0.25,1,3d,loaded,nonlooping,,1,0,92,,default,0,0,0,0,0.5,0.5,no,yes,none,1000,no,,both,no,no,,,75,no,no,0,0,wma,yes,no,world,reload,no,raw\sound\fly\gear\rattle\rattle_01.xm4,0,raw\sound\fly\gear\rattle\rattle_01.mp3,0,raw\sound\fly\gear\rattle\rattle_01.wav,0,raw\sound\fly\gear\rattle\rattle_01.wds,0,wpn_special,all
wpn_tesla_1straise_npc,raw\sound\fly\gear\rattle\rattle_02.wav,wpn_all_reload_npc,wpn_tesla,,reload,94,96,100,150,1000,1000,default,default,allon,rdefault,4,priority,5,reject,-88,84,0,15,30,0.25,1,3d,loaded,nonlooping,,1,0,92,,default,0,0,0,0,0.5,0.5,no,yes,none,1000,no,,both,no,no,,,75,no,no,0,0,wma,yes,no,world,reload,no,raw\sound\fly\gear\rattle\rattle_02.xm4,0,raw\sound\fly\gear\rattle\rattle_02.mp3,0,raw\sound\fly\gear\rattle\rattle_02.wav,0,raw\sound\fly\gear\rattle\rattle_02.wds,0,wpn_special,all
wpn_tesla_1straise_npc,raw\sound\fly\gear\rattle\rattle_03.wav,wpn_all_reload_npc,wpn_tesla,,reload,94,96,100,150,1000,1000,default,default,allon,rdefault,4,priority,5,reject,-88,84,0,15,30,0.25,1,3d,loaded,nonlooping,,1,0,92,,default,0,0,0,0,0.5,0.5,no,yes,none,1000,no,,both,no,no,,,75,no,no,0,0,wma,yes,no,world,reload,no,raw\sound\fly\gear\rattle\rattle_03.xm4,0,raw\sound\fly\gear\rattle\rattle_03.mp3,0,raw\sound\fly\gear\rattle\rattle_03.wav,0,raw\sound\fly\gear\rattle\rattle_03.wds,0,wpn_special,all
wpn_tesla_1straise_npc,raw\sound\fly\gear\rattle\rattle_04.wav,wpn_all_reload_npc,wpn_tesla,,reload,94,96,100,150,1000,1000,default,default,allon,rdefault,4,priority,5,reject,-88,84,0,15,30,0.25,1,3d,loaded,nonlooping,,1,0,92,,default,0,0,0,0,0.5,0.5,no,yes,none,1000,no,,both,no,no,,,75,no,no,0,0,wma,yes,no,world,reload,no,raw\sound\fly\gear\rattle\rattle_04.xm4,0,raw\sound\fly\gear\rattle\rattle_04.mp3,0,raw\sound\fly\gear\rattle\rattle_04.wav,0,raw\sound\fly\gear\rattle\rattle_04.wds,0,wpn_special,all
wpn_tesla_1straise_plr,raw\sound\fly\gear\rattle\rattle_00.wav,wpn_all_reload_plr,wpn_tesla,,reload,100,100,100,0,0,0,default,default,allon,rdefault,5,priority,5,reject,-88,84,0,70,70,0.25,1,2d,loaded,nonlooping,,1,0,88,,default,0,0,0,0,0.5,0.5,no,yes,none,1000,no,,both,no,no,,,75,no,no,0,0,wma,yes,no,world,reload,no,raw\sound\fly\gear\rattle\rattle_00.xm4,0,raw\sound\fly\gear\rattle\rattle_00.mp3,0,raw\sound\fly\gear\rattle\rattle_00.wav,0,raw\sound\fly\gear\rattle\rattle_00.wds,0,wpn_special,all
wpn_tesla_1straise_plr,raw\sound\fly\gear\rattle\rattle_01.wav,wpn_all_reload_plr,wpn_tesla,,reload,100,100,100,0,0,0,default,default,allon,rdefault,5,priority,5,reject,-88,84,0,70,70,0.25,1,2d,loaded,nonlooping,,1,0,88,,default,0,0,0,0,0.5,0.5,no,yes,none,1000,no,,both,no,no,,,75,no,no,0,0,wma,yes,no,world,reload,no,raw\sound\fly\gear\rattle\rattle_01.xm4,0,raw\sound\fly\gear\rattle\rattle_01.mp3,0,raw\sound\fly\gear\rattle\rattle_01.wav,0,raw\sound\fly\gear\rattle\rattle_01.wds,0,wpn_special,all
wpn_tesla_1straise_plr,raw\sound\fly\gear\rattle\rattle_02.wav,wpn_all_reload_plr,wpn_tesla,,reload,100,100,100,0,0,0,default,default,allon,rdefault,5,priority,5,reject,-88,84,0,70,70,0.25,1,2d,loaded,nonlooping,,1,0,88,,default,0,0,0,0,0.5,0.5,no,yes,none,1000,no,,both,no,no,,,75,no,no,0,0,wma,yes,no,world,reload,no,raw\sound\fly\gear\rattle\rattle_02.xm4,0,raw\sound\fly\gear\rattle\rattle_02.mp3,0,raw\sound\fly\gear\rattle\rattle_02.wav,0,raw\sound\fly\gear\rattle\rattle_02.wds,0,wpn_special,all
wpn_tesla_1straise_plr,raw\sound\fly\gear\rattle\rattle_03.wav,wpn_all_reload_plr,wpn_tesla,,reload,100,100,100,0,0,0,default,default,allon,rdefault,5,priority,5,reject,-88,84,0,70,70,0.25,1,2d,loaded,nonlooping,,1,0,88,,default,0,0,0,0,0.5,0.5,no,yes,none,1000,no,,both,no,no,,,75,no,no,0,0,wma,yes,no,world,reload,no,raw\sound\fly\gear\rattle\rattle_03.xm4,0,raw\sound\fly\gear\rattle\rattle_03.mp3,0,raw\sound\fly\gear\rattle\rattle_03.wav,0,raw\sound\fly\gear\rattle\rattle_03.wds,0,wpn_special,all
wpn_tesla_1straise_plr,raw\sound\fly\gear\rattle\rattle_04.wav,wpn_all_reload_plr,wpn_tesla,,reload,100,100,100,0,0,0,default,default,allon,rdefault,5,priority,5,reject,-88,84,0,70,70,0.25,1,2d,loaded,nonlooping,,1,0,88,,default,0,0,0,0,0.5,0.5,no,yes,none,1000,no,,both,no,no,,,75,no,no,0,0,wma,yes,no,world,reload,no,raw\sound\fly\gear\rattle\rattle_04.xm4,0,raw\sound\fly\gear\rattle\rattle_04.mp3,0,raw\sound\fly\gear\rattle\rattle_04.wav,0,raw\sound\fly\gear\rattle\rattle_04.wds,0,wpn_special,all
wpn_tesla_bounce,raw\sound\wpn\energy\dg2\effects\bounce\bounce_00.wav,,wpn_tesla,,event,96,96,100,200,2200,2200,curve2,default,allon,rdefault,5,priority,5,reject,0,0,0,80,90,0.25,1,3d,loaded,nonlooping,,1,250,98,,default,0,50,100,99,0.5,0.5,no,yes,none,1000,no,,both,no,no,,,75,no,no,0,0,wma,yes,no,world,event,no,raw\sound\wpn\energy\dg2\effects\bounce\bounce_00.xm4,0,raw\sound\wpn\energy\dg2\effects\bounce\bounce_00.mp3,0,raw\sound\wpn\energy\dg2\effects\bounce\bounce_00.wav,0,raw\sound\wpn\energy\dg2\effects\bounce\bounce_00.wds,0,wpn_special,all
wpn_tesla_bounce,raw\sound\wpn\energy\dg2\effects\bounce\bounce_01.wav,,wpn_tesla,,event,96,96,100,200,2200,2200,curve2,default,allon,rdefault,5,priority,5,reject,0,0,0,80,90,0.25,1,3d,loaded,nonlooping,,1,250,98,,default,0,50,100,99,0.5,0.5,no,yes,none,1000,no,,both,no,no,,,75,no,no,0,0,wma,yes,no,world,event,no,raw\sound\wpn\energy\dg2\effects\bounce\bounce_01.xm4,0,raw\sound\wpn\energy\dg2\effects\bounce\bounce_01.mp3,0,raw\sound\wpn\energy\dg2\effects\bounce\bounce_01.wav,0,raw\sound\wpn\energy\dg2\effects\bounce\bounce_01.wds,0,wpn_special,all
wpn_tesla_clip_in,raw\sound\wpn\energy\dg2\reload\plr\tesla_clip_in.wav,,wpn_tesla,,foley,96,96,100,0,0,0,default,default,allon,rdefault,5,priority,5,reject,0,0,0,80,90,0.25,1,2d,loaded,nonlooping,,1,0,96,,wpn_fnt,0,0,0,0,0.5,0.5,no,yes,none,1000,no,,both,no,no,,,75,no,no,0,0,wma,yes,no,world,foley,no,raw\sound\wpn\energy\dg2\reload\plr\tesla_clip_in.xm4,0,raw\sound\wpn\energy\dg2\reload\plr\tesla_clip_in.mp3,0,raw\sound\wpn\energy\dg2\reload\plr\tesla_clip_in.wav,0,raw\sound\wpn\energy\dg2\reload\plr\tesla_clip_in.wds,0,wpn_special,all
wpn_tesla_effects,raw\sound\wpn\energy\dg2\effects\calm\calm_00.wav,,wpn_tesla,,ambience,93,94,100,100,280,280,curve2,default,allon,rdefault,1,reject,5,reject,-386,84,0,60,60,0.25,1,2d,loaded,nonlooping,,1,0,98,,wpn_fnt,0,50,100,99,0.5,0.5,no,yes,none,1000,no,,both,no,no,,,75,no,no,0,0,wma,yes,no,world,ambience,no,raw\sound\wpn\energy\dg2\effects\calm\calm_00.xm4,0,raw\sound\wpn\energy\dg2\effects\calm\calm_00.mp3,0,raw\sound\wpn\energy\dg2\effects\calm\calm_00.wav,0,raw\sound\wpn\energy\dg2\effects\calm\calm_00.wds,0,wpn_special,all
wpn_tesla_effects,raw\sound\wpn\energy\dg2\effects\calm\calm_01.wav,,wpn_tesla,,ambience,93,94,100,100,280,280,curve2,default,allon,rdefault,1,reject,5,reject,-386,84,0,60,60,0.25,1,2d,loaded,nonlooping,,1,0,98,,wpn_fnt,0,50,100,99,0.5,0.5,no,yes,none,1000,no,,both,no,no,,,75,no,no,0,0,wma,yes,no,world,ambience,no,raw\sound\wpn\energy\dg2\effects\calm\calm_01.xm4,0,raw\sound\wpn\energy\dg2\effects\calm\calm_01.mp3,0,raw\sound\wpn\energy\dg2\effects\calm\calm_01.wav,0,raw\sound\wpn\energy\dg2\effects\calm\calm_01.wds,0,wpn_special,all
wpn_tesla_effects,raw\sound\wpn\energy\dg2\effects\calm\calm_02.wav,,wpn_tesla,,ambience,93,94,100,100,280,280,curve2,default,allon,rdefault,1,reject,5,reject,-386,84,0,60,60,0.25,1,2d,loaded,nonlooping,,1,0,98,,wpn_fnt,0,50,100,99,0.5,0.5,no,yes,none,1000,no,,both,no,no,,,75,no,no,0,0,wma,yes,no,world,ambience,no,raw\sound\wpn\energy\dg2\effects\calm\calm_02.xm4,0,raw\sound\wpn\energy\dg2\effects\calm\calm_02.mp3,0,raw\sound\wpn\energy\dg2\effects\calm\calm_02.wav,0,raw\sound\wpn\energy\dg2\effects\calm\calm_02.wds,0,wpn_special,all
wpn_tesla_fire_npc,raw\sound\wpn\energy\dg2\npc\shot\shot_00.wav,,wpn_tesla,wpn_tesla_flux_left,wpn_npc,96,96,100,100,1550,2100,curve3,curve2,allon,rdefault,5,priority,5,reject,0,0,0,80,90,0.25,1,3d,loaded,nonlooping,,1,0,98,,default,0,50,300,93,0.5,0.5,no,yes,none,1000,no,,both,no,no,,,75,no,no,0,0,wma,yes,no,world,wpn_npc,no,raw\sound\wpn\energy\dg2\npc\shot\shot_00.xm4,0,raw\sound\wpn\energy\dg2\npc\shot\shot_00.mp3,0,raw\sound\wpn\energy\dg2\npc\shot\shot_00.wav,0,raw\sound\wpn\energy\dg2\npc\shot\shot_00.wds,0,wpn_special,all
wpn_tesla_fire_npc_last,raw\sound\wpn\energy\dg2\npc\shot\shot_last_00.wav,,wpn_tesla,wpn_tesla_flux_left,wpn_npc,96,96,100,100,1550,2100,curve3,curve2,allon,rdefault,5,priority,5,reject,0,0,0,80,90,0.25,1,3d,loaded,nonlooping,,1,0,98,,default,0,50,300,93,0.5,0.5,no,yes,none,1000,no,,both,no,no,,,75,no,no,0,0,wma,yes,no,world,wpn_npc,no,raw\sound\wpn\energy\dg2\npc\shot\shot_last_00.xm4,0,raw\sound\wpn\energy\dg2\npc\shot\shot_last_00.mp3,0,raw\sound\wpn\energy\dg2\npc\shot\shot_last_00.wav,0,raw\sound\wpn\energy\dg2\npc\shot\shot_last_00.wds,0,wpn_special,all
wpn_tesla_fire_plr,raw\sound\wpn\energy\dg2\plr\shot\shot_00_f.wav,,wpn_tesla,wpn_tesla_fire_rear,wpn_plr,96,96,100,0,0,0,default,default,allon,rdefault,5,priority,5,reject,0,0,0,100,100,0.25,1,2d,loaded,nonlooping,,1,0,96,,wpn_all,0,0,0,0,0.5,0.5,no,yes,none,1000,no,,both,no,no,,,75,no,no,0,0,wma,yes,no,world,wpn_plr,no,raw\sound\wpn\energy\dg2\plr\shot\shot_00_f.xm4,0,raw\sound\wpn\energy\dg2\plr\shot\shot_00_f.mp3,0,raw\sound\wpn\energy\dg2\plr\shot\shot_00_f.wav,0,raw\sound\wpn\energy\dg2\plr\shot\shot_00_f.wds,0,wpn_special,all
wpn_tesla_fire_plr_last,raw\sound\wpn\energy\dg2\plr\shot\shot_last_00_f.wav,,wpn_tesla,wpn_tesla_fire_rear,wpn_plr,96,96,100,0,0,0,default,default,allon,rdefault,5,priority,5,reject,0,0,0,100,100,0.25,1,2d,loaded,nonlooping,,1,0,96,,wpn_all,0,0,0,0,0.5,0.5,no,yes,none,1000,no,,both,no,no,,,75,no,no,0,0,wma,yes,no,world,wpn_plr,no,raw\sound\wpn\energy\dg2\plr\shot\shot_last_00_f.xm4,0,raw\sound\wpn\energy\dg2\plr\shot\shot_last_00_f.mp3,0,raw\sound\wpn\energy\dg2\plr\shot\shot_last_00_f.wav,0,raw\sound\wpn\energy\dg2\plr\shot\shot_last_00_f.wds,0,wpn_special,all
wpn_tesla_fire_rear,raw\sound\wpn\energy\dg2\plr\shot\shot_00_rs.wav,,wpn_tesla,wpn_tesla_flux_left,wpn_plr,93,93,100,0,0,0,default,default,allon,rdefault,5,priority,5,reject,0,0,0,80,90,0.25,1,2d,loaded,nonlooping,,1,200,96,,wpn_rear,0,0,0,0,0.5,0.5,no,yes,none,1000,no,,both,no,no,,,75,no,no,0,0,wma,yes,no,world,wpn_plr,no,raw\sound\wpn\energy\dg2\plr\shot\shot_00_rs.xm4,0,raw\sound\wpn\energy\dg2\plr\shot\shot_00_rs.mp3,0,raw\sound\wpn\energy\dg2\plr\shot\shot_00_rs.wav,0,raw\sound\wpn\energy\dg2\plr\shot\shot_00_rs.wds,0,wpn_special,all
wpn_tesla_flux_left,raw\sound\wpn\energy\dg2\flux\wpn_tesla_flux_l.wav,,wpn_tesla,wpn_tesla_flux_right,event,96,96,100,50,2000,2000,curve1,default,allon,rdefault,5,priority,1,reject,0,0,0,10,25,0.25,1,3d,loaded,nonlooping,,1,0,98,,default,0,50,250,86,0.5,0.5,no,yes,left_shot,5000,no,,both,no,no,,,75,no,no,0,0,wma,yes,no,world,event,no,raw\sound\wpn\energy\dg2\flux\wpn_tesla_flux_l.xm4,0,raw\sound\wpn\energy\dg2\flux\wpn_tesla_flux_l.mp3,0,raw\sound\wpn\energy\dg2\flux\wpn_tesla_flux_l.wav,0,raw\sound\wpn\energy\dg2\flux\wpn_tesla_flux_l.wds,0,wpn_special,all
wpn_tesla_flux_right,raw\sound\wpn\energy\dg2\flux\wpn_tesla_flux_r.wav,,wpn_tesla,,event,96,96,100,50,2000,2000,curve1,default,allon,rdefault,5,priority,1,reject,0,0,0,10,25,0.25,1,3d,loaded,nonlooping,,1,0,98,,default,0,50,250,86,0.5,0.5,no,yes,right_shot,5000,no,,both,no,no,,,75,no,no,0,0,wma,yes,no,world,event,no,raw\sound\wpn\energy\dg2\flux\wpn_tesla_flux_r.xm4,0,raw\sound\wpn\energy\dg2\flux\wpn_tesla_flux_r.mp3,0,raw\sound\wpn\energy\dg2\flux\wpn_tesla_flux_r.wav,0,raw\sound\wpn\energy\dg2\flux\wpn_tesla_flux_r.wds,0,wpn_special,all
wpn_tesla_foley,raw\sound\wpn\energy\dg2\reload\plr\tesla_start_reload.wav,,wpn_tesla,,foley,96,96,100,0,0,0,default,default,allon,rdefault,5,priority,5,reject,0,0,0,80,90,0.25,1,2d,loaded,nonlooping,,1,0,96,,wpn_all,0,0,0,0,0.5,0.5,no,yes,none,1000,no,,both,no,no,,,75,no,no,0,0,wma,yes,no,world,foley,no,raw\sound\wpn\energy\dg2\reload\plr\tesla_start_reload.xm4,0,raw\sound\wpn\energy\dg2\reload\plr\tesla_start_reload.mp3,0,raw\sound\wpn\energy\dg2\reload\plr\tesla_start_reload.wav,0,raw\sound\wpn\energy\dg2\reload\plr\tesla_start_reload.wds,0,wpn_special,all
wpn_tesla_handle_pullback,raw\sound\wpn\energy\dg2\reload\plr\tesla_handle_pullback.wav,,wpn_tesla,,foley,96,96,100,0,0,0,default,default,allon,rdefault,5,priority,5,reject,0,0,0,80,90,0.25,1,2d,loaded,nonlooping,,1,0,96,,wpn_fnt,0,0,0,0,0.5,0.5,no,yes,none,1000,no,,both,no,no,,,75,no,no,0,0,wma,yes,no,world,foley,no,raw\sound\wpn\energy\dg2\reload\plr\tesla_handle_pullback.xm4,0,raw\sound\wpn\energy\dg2\reload\plr\tesla_handle_pullback.mp3,0,raw\sound\wpn\energy\dg2\reload\plr\tesla_handle_pullback.wav,0,raw\sound\wpn\energy\dg2\reload\plr\tesla_handle_pullback.wds,0,wpn_special,all
wpn_tesla_handle_release,raw\sound\wpn\energy\dg2\reload\plr\tesla_handle_release.wav,,wpn_tesla,,foley,96,96,100,0,0,0,default,default,allon,rdefault,5,priority,5,reject,0,0,0,80,90,0.25,1,2d,loaded,nonlooping,,1,0,96,,wpn_fnt,0,0,0,0,0.5,0.5,no,yes,none,1000,no,,both,no,no,,,75,no,no,0,0,wma,yes,no,world,foley,no,raw\sound\wpn\energy\dg2\reload\plr\tesla_handle_release.xm4,0,raw\sound\wpn\energy\dg2\reload\plr\tesla_handle_release.mp3,0,raw\sound\wpn\energy\dg2\reload\plr\tesla_handle_release.wav,0,raw\sound\wpn\energy\dg2\reload\plr\tesla_handle_release.wds,0,wpn_special,all
wpn_tesla_happy,raw\sound\wpn\energy\dg2\effects\happy\happy_00.wav,,wpn_tesla,,ambience,96,96,100,100,280,280,curve2,default,allon,rdefault,1,reject,5,reject,-386,84,0,60,60,0.25,1,2d,loaded,nonlooping,,1,0,98,,wpn_fnt,0,50,100,99,0.5,0.5,no,yes,none,1000,no,,both,no,no,,,75,no,no,0,0,wma,yes,no,world,ambience,no,raw\sound\wpn\energy\dg2\effects\happy\happy_00.xm4,0,raw\sound\wpn\energy\dg2\effects\happy\happy_00.mp3,0,raw\sound\wpn\energy\dg2\effects\happy\happy_00.wav,0,raw\sound\wpn\energy\dg2\effects\happy\happy_00.wds,0,wpn_special,all
wpn_tesla_happy,raw\sound\wpn\energy\dg2\effects\happy\happy_01.wav,,wpn_tesla,,ambience,96,96,100,100,280,280,curve2,default,allon,rdefault,1,reject,5,reject,-386,84,0,60,60,0.25,1,2d,loaded,nonlooping,,1,0,98,,wpn_fnt,0,50,100,99,0.5,0.5,no,yes,none,1000,no,,both,no,no,,,75,no,no,0,0,wma,yes,no,world,ambience,no,raw\sound\wpn\energy\dg2\effects\happy\happy_01.xm4,0,raw\sound\wpn\energy\dg2\effects\happy\happy_01.mp3,0,raw\sound\wpn\energy\dg2\effects\happy\happy_01.wav,0,raw\sound\wpn\energy\dg2\effects\happy\happy_01.wds,0,wpn_special,all
wpn_tesla_happy,raw\sound\wpn\energy\dg2\effects\happy\happy_02.wav,,wpn_tesla,,ambience,96,96,100,100,280,280,curve2,default,allon,rdefault,1,reject,5,reject,-386,84,0,60,60,0.25,1,2d,loaded,nonlooping,,1,0,98,,wpn_fnt,0,50,100,99,0.5,0.5,no,yes,none,1000,no,,both,no,no,,,75,no,no,0,0,wma,yes,no,world,ambience,no,raw\sound\wpn\energy\dg2\effects\happy\happy_02.xm4,0,raw\sound\wpn\energy\dg2\effects\happy\happy_02.mp3,0,raw\sound\wpn\energy\dg2\effects\happy\happy_02.wav,0,raw\sound\wpn\energy\dg2\effects\happy\happy_02.wds,0,wpn_special,all
wpn_tesla_happy,raw\sound\wpn\energy\dg2\effects\happy\happy_03.wav,,wpn_tesla,,ambience,96,96,100,100,280,280,curve2,default,allon,rdefault,1,reject,5,reject,-386,84,0,60,60,0.25,1,2d,loaded,nonlooping,,1,0,98,,wpn_fnt,0,50,100,99,0.5,0.5,no,yes,none,1000,no,,both,no,no,,,75,no,no,0,0,wma,yes,no,world,ambience,no,raw\sound\wpn\energy\dg2\effects\happy\happy_03.xm4,0,raw\sound\wpn\energy\dg2\effects\happy\happy_03.mp3,0,raw\sound\wpn\energy\dg2\effects\happy\happy_03.wav,0,raw\sound\wpn\energy\dg2\effects\happy\happy_03.wds,0,wpn_special,all
wpn_tesla_idle,raw\sound\wpn\energy\dg2\idle\tesla_idle_00.wav,,wpn_tesla,,ambience,89,89,100,50,300,300,curve1,default,allon,rdefault,1,reject,5,reject,0,0,0,80,90,0.25,1,3d,loaded,looping,,1,0,98,,default,0,50,100,99,0.5,0.5,no,yes,none,1000,no,,both,no,no,,,75,no,no,0,0,wma,yes,no,world,ambience,no,raw\sound\wpn\energy\dg2\idle\tesla_idle_00_l.xm4,0,raw\sound\wpn\energy\dg2\idle\tesla_idle_00_l.mp3,0,raw\sound\wpn\energy\dg2\idle\tesla_idle_00_l.wav,0,raw\sound\wpn\energy\dg2\idle\tesla_idle_00_l.wds,0,wpn_special,all
wpn_tesla_imp_water,raw\sound\wpn\energy\dg2\projectile\impact\water\imp_water.wav,,wpn_tesla,wpn_tesla_flux_left,event,96,96,100,100,1550,2100,curve3,curve2,allon,rdefault,5,priority,5,reject,0,0,0,80,90,0.25,1,3d,loaded,nonlooping,,1,0,98,,default,0,50,300,93,0.5,0.5,no,yes,none,1000,no,,both,no,no,,,75,no,no,0,0,wma,yes,no,world,event,no,raw\sound\wpn\energy\dg2\projectile\impact\water\imp_water.xm4,0,raw\sound\wpn\energy\dg2\projectile\impact\water\imp_water.mp3,0,raw\sound\wpn\energy\dg2\projectile\impact\water\imp_water.wav,0,raw\sound\wpn\energy\dg2\projectile\impact\water\imp_water.wds,0,wpn_special,all
wpn_tesla_pickup_npc,raw\sound\fly\pickups\weapon\pickup_00.wav,wpn_all_reload_npc,wpn_tesla,,reload,94,96,100,150,1000,1000,default,default,allon,rdefault,4,priority,5,reject,-88,84,0,15,30,0.25,1,3d,loaded,nonlooping,,1,0,92,,default,0,0,0,0,0.5,0.5,no,yes,none,1000,no,,both,no,no,,,75,no,no,0,0,wma,yes,no,world,reload,no,raw\sound\fly\pickups\weapon\pickup_00.xm4,0,raw\sound\fly\pickups\weapon\pickup_00.mp3,0,raw\sound\fly\pickups\weapon\pickup_00.wav,0,raw\sound\fly\pickups\weapon\pickup_00.wds,0,wpn_special,all
wpn_tesla_pickup_npc,raw\sound\fly\pickups\weapon\pickup_01.wav,wpn_all_reload_npc,wpn_tesla,,reload,94,96,100,150,1000,1000,default,default,allon,rdefault,4,priority,5,reject,-88,84,0,15,30,0.25,1,3d,loaded,nonlooping,,1,0,92,,default,0,0,0,0,0.5,0.5,no,yes,none,1000,no,,both,no,no,,,75,no,no,0,0,wma,yes,no,world,reload,no,raw\sound\fly\pickups\weapon\pickup_01.xm4,0,raw\sound\fly\pickups\weapon\pickup_01.mp3,0,raw\sound\fly\pickups\weapon\pickup_01.wav,0,raw\sound\fly\pickups\weapon\pickup_01.wds,0,wpn_special,all
wpn_tesla_pickup_npc,raw\sound\fly\pickups\weapon\pickup_02.wav,wpn_all_reload_npc,wpn_tesla,,reload,94,96,100,150,1000,1000,default,default,allon,rdefault,4,priority,5,reject,-88,84,0,15,30,0.25,1,3d,loaded,nonlooping,,1,0,92,,default,0,0,0,0,0.5,0.5,no,yes,none,1000,no,,both,no,no,,,75,no,no,0,0,wma,yes,no,world,reload,no,raw\sound\fly\pickups\weapon\pickup_02.xm4,0,raw\sound\fly\pickups\weapon\pickup_02.mp3,0,raw\sound\fly\pickups\weapon\pickup_02.wav,0,raw\sound\fly\pickups\weapon\pickup_02.wds,0,wpn_special,all
wpn_tesla_pickup_plr,raw\sound\fly\pickups\weapon\pickup_00.wav,wpn_all_reload_plr,wpn_tesla,,reload,100,100,100,0,0,0,default,default,allon,rdefault,5,priority,5,reject,-88,84,0,70,70,0.25,1,2d,loaded,nonlooping,,1,0,88,,default,0,0,0,0,0.5,0.5,no,yes,none,1000,no,,both,no,no,,,75,no,no,0,0,wma,yes,no,world,reload,no,raw\sound\fly\pickups\weapon\pickup_00.xm4,0,raw\sound\fly\pickups\weapon\pickup_00.mp3,0,raw\sound\fly\pickups\weapon\pickup_00.wav,0,raw\sound\fly\pickups\weapon\pickup_00.wds,0,wpn_special,all
wpn_tesla_pickup_plr,raw\sound\fly\pickups\weapon\pickup_01.wav,wpn_all_reload_plr,wpn_tesla,,reload,100,100,100,0,0,0,default,default,allon,rdefault,5,priority,5,reject,-88,84,0,70,70,0.25,1,2d,loaded,nonlooping,,1,0,88,,default,0,0,0,0,0.5,0.5,no,yes,none,1000,no,,both,no,no,,,75,no,no,0,0,wma,yes,no,world,reload,no,raw\sound\fly\pickups\weapon\pickup_01.xm4,0,raw\sound\fly\pickups\weapon\pickup_01.mp3,0,raw\sound\fly\pickups\weapon\pickup_01.wav,0,raw\sound\fly\pickups\weapon\pickup_01.wds,0,wpn_special,all
wpn_tesla_pickup_plr,raw\sound\fly\pickups\weapon\pickup_02.wav,wpn_all_reload_plr,wpn_tesla,,reload,100,100,100,0,0,0,default,default,allon,rdefault,5,priority,5,reject,-88,84,0,70,70,0.25,1,2d,loaded,nonlooping,,1,0,88,,default,0,0,0,0,0.5,0.5,no,yes,none,1000,no,,both,no,no,,,75,no,no,0,0,wma,yes,no,world,reload,no,raw\sound\fly\pickups\weapon\pickup_02.xm4,0,raw\sound\fly\pickups\weapon\pickup_02.mp3,0,raw\sound\fly\pickups\weapon\pickup_02.wav,0,raw\sound\fly\pickups\weapon\pickup_02.wds,0,wpn_special,all
wpn_tesla_proj_flux_left,raw\sound\wpn\energy\dg2\projectile\flux\wpn_tesla_flux_l.wav,,wpn_tesla,wpn_tesla_proj_flux_right,event,96,96,100,50,2000,2000,curve1,default,allon,rdefault,5,priority,1,reject,0,0,0,10,25,0.25,1,3d,loaded,nonlooping,,1,0,98,,default,0,50,250,86,0.5,0.5,no,yes,left_player,4000,no,,both,no,no,,,75,no,no,0,0,wma,yes,no,world,event,no,raw\sound\wpn\energy\dg2\projectile\flux\wpn_tesla_flux_l.xm4,0,raw\sound\wpn\energy\dg2\projectile\flux\wpn_tesla_flux_l.mp3,0,raw\sound\wpn\energy\dg2\projectile\flux\wpn_tesla_flux_l.wav,0,raw\sound\wpn\energy\dg2\projectile\flux\wpn_tesla_flux_l.wds,0,wpn_special,all
wpn_tesla_proj_flux_right,raw\sound\wpn\energy\dg2\projectile\flux\wpn_tesla_flux_r.wav,,wpn_tesla,,event,96,96,100,50,2000,2000,curve1,default,allon,rdefault,5,priority,1,reject,0,0,0,10,25,0.25,1,3d,loaded,nonlooping,,1,0,98,,default,0,50,250,86,0.5,0.5,no,yes,right_player,4000,no,,both,no,no,,,75,no,no,0,0,wma,yes,no,world,event,no,raw\sound\wpn\energy\dg2\projectile\flux\wpn_tesla_flux_r.xm4,0,raw\sound\wpn\energy\dg2\projectile\flux\wpn_tesla_flux_r.mp3,0,raw\sound\wpn\energy\dg2\projectile\flux\wpn_tesla_flux_r.wav,0,raw\sound\wpn\energy\dg2\projectile\flux\wpn_tesla_flux_r.wds,0,wpn_special,all
wpn_tesla_proj_impact,raw\sound\wpn\energy\dg2\projectile\impact\proj_impact.wav,,wpn_tesla,wpn_tesla_proj_flux_left,event,96,96,100,200,2500,2500,curve4,default,allon,rdefault,5,priority,5,reject,-182,165,0,80,90,0.25,1,3d,loaded,nonlooping,,1,0,98,,default,0,50,100,99,0.5,0.5,no,yes,none,1000,no,,both,no,no,,,75,no,no,0,0,wma,yes,no,world,event,no,raw\sound\wpn\energy\dg2\projectile\impact\proj_impact.xm4,0,raw\sound\wpn\energy\dg2\projectile\impact\proj_impact.mp3,0,raw\sound\wpn\energy\dg2\projectile\impact\proj_impact.wav,0,raw\sound\wpn\energy\dg2\projectile\impact\proj_impact.wds,0,wpn_special,all
wpn_tesla_proj_loop,raw\sound\wpn\energy\dg2\projectile\loop\proj_loop.wav,,wpn_tesla,,event,96,96,100,200,700,700,curve3,default,allon,rdefault,5,priority,5,reject,0,0,0,25,35,0.25,1,3d,loaded,looping,,1,0,98,,default,0,50,100,99,0.5,0.5,no,yes,none,1000,no,,both,no,no,,,75,no,no,0,0,wma,yes,no,world,event,no,raw\sound\wpn\energy\dg2\projectile\loop\proj_loop_l.xm4,0,raw\sound\wpn\energy\dg2\projectile\loop\proj_loop_l.mp3,0,raw\sound\wpn\energy\dg2\projectile\loop\proj_loop_l.wav,0,raw\sound\wpn\energy\dg2\projectile\loop\proj_loop_l.wds,0,wpn_special,all
wpn_tesla_raise_npc,raw\sound\fly\gear\rattle\rattle_00.wav,wpn_all_reload_npc,wpn_tesla,,reload,94,96,100,150,1000,1000,default,default,allon,rdefault,4,priority,5,reject,-88,84,0,15,30,0.25,1,3d,loaded,nonlooping,,1,0,92,,default,0,0,0,0,0.5,0.5,no,yes,none,1000,no,,both,no,no,,,75,no,no,0,0,wma,yes,no,world,reload,no,raw\sound\fly\gear\rattle\rattle_00.xm4,0,raw\sound\fly\gear\rattle\rattle_00.mp3,0,raw\sound\fly\gear\rattle\rattle_00.wav,0,raw\sound\fly\gear\rattle\rattle_00.wds,0,wpn_special,all
wpn_tesla_raise_npc,raw\sound\fly\gear\rattle\rattle_01.wav,wpn_all_reload_npc,wpn_tesla,,reload,94,96,100,150,1000,1000,default,default,allon,rdefault,4,priority,5,reject,-88,84,0,15,30,0.25,1,3d,loaded,nonlooping,,1,0,92,,default,0,0,0,0,0.5,0.5,no,yes,none,1000,no,,both,no,no,,,75,no,no,0,0,wma,yes,no,world,reload,no,raw\sound\fly\gear\rattle\rattle_01.xm4,0,raw\sound\fly\gear\rattle\rattle_01.mp3,0,raw\sound\fly\gear\rattle\rattle_01.wav,0,raw\sound\fly\gear\rattle\rattle_01.wds,0,wpn_special,all
wpn_tesla_raise_npc,raw\sound\fly\gear\rattle\rattle_02.wav,wpn_all_reload_npc,wpn_tesla,,reload,94,96,100,150,1000,1000,default,default,allon,rdefault,4,priority,5,reject,-88,84,0,15,30,0.25,1,3d,loaded,nonlooping,,1,0,92,,default,0,0,0,0,0.5,0.5,no,yes,none,1000,no,,both,no,no,,,75,no,no,0,0,wma,yes,no,world,reload,no,raw\sound\fly\gear\rattle\rattle_02.xm4,0,raw\sound\fly\gear\rattle\rattle_02.mp3,0,raw\sound\fly\gear\rattle\rattle_02.wav,0,raw\sound\fly\gear\rattle\rattle_02.wds,0,wpn_special,all
wpn_tesla_raise_npc,raw\sound\fly\gear\rattle\rattle_03.wav,wpn_all_reload_npc,wpn_tesla,,reload,94,96,100,150,1000,1000,default,default,allon,rdefault,4,priority,5,reject,-88,84,0,15,30,0.25,1,3d,loaded,nonlooping,,1,0,92,,default,0,0,0,0,0.5,0.5,no,yes,none,1000,no,,both,no,no,,,75,no,no,0,0,wma,yes,no,world,reload,no,raw\sound\fly\gear\rattle\rattle_03.xm4,0,raw\sound\fly\gear\rattle\rattle_03.mp3,0,raw\sound\fly\gear\rattle\rattle_03.wav,0,raw\sound\fly\gear\rattle\rattle_03.wds,0,wpn_special,all
wpn_tesla_raise_npc,raw\sound\fly\gear\rattle\rattle_04.wav,wpn_all_reload_npc,wpn_tesla,,reload,94,96,100,150,1000,1000,default,default,allon,rdefault,4,priority,5,reject,-88,84,0,15,30,0.25,1,3d,loaded,nonlooping,,1,0,92,,default,0,0,0,0,0.5,0.5,no,yes,none,1000,no,,both,no,no,,,75,no,no,0,0,wma,yes,no,world,reload,no,raw\sound\fly\gear\rattle\rattle_04.xm4,0,raw\sound\fly\gear\rattle\rattle_04.mp3,0,raw\sound\fly\gear\rattle\rattle_04.wav,0,raw\sound\fly\gear\rattle\rattle_04.wds,0,wpn_special,all
wpn_tesla_raise_plr,raw\sound\fly\gear\rattle\rattle_00.wav,wpn_all_reload_plr,wpn_tesla,,reload,100,100,100,0,0,0,default,default,allon,rdefault,5,priority,5,reject,-88,84,0,70,70,0.25,1,2d,loaded,nonlooping,,1,0,88,,default,0,0,0,0,0.5,0.5,no,yes,none,1000,no,,both,no,no,,,75,no,no,0,0,wma,yes,no,world,reload,no,raw\sound\fly\gear\rattle\rattle_00.xm4,0,raw\sound\fly\gear\rattle\rattle_00.mp3,0,raw\sound\fly\gear\rattle\rattle_00.wav,0,raw\sound\fly\gear\rattle\rattle_00.wds,0,wpn_special,all
wpn_tesla_raise_plr,raw\sound\fly\gear\rattle\rattle_01.wav,wpn_all_reload_plr,wpn_tesla,,reload,100,100,100,0,0,0,default,default,allon,rdefault,5,priority,5,reject,-88,84,0,70,70,0.25,1,2d,loaded,nonlooping,,1,0,88,,default,0,0,0,0,0.5,0.5,no,yes,none,1000,no,,both,no,no,,,75,no,no,0,0,wma,yes,no,world,reload,no,raw\sound\fly\gear\rattle\rattle_01.xm4,0,raw\sound\fly\gear\rattle\rattle_01.mp3,0,raw\sound\fly\gear\rattle\rattle_01.wav,0,raw\sound\fly\gear\rattle\rattle_01.wds,0,wpn_special,all
wpn_tesla_raise_plr,raw\sound\fly\gear\rattle\rattle_02.wav,wpn_all_reload_plr,wpn_tesla,,reload,100,100,100,0,0,0,default,default,allon,rdefault,5,priority,5,reject,-88,84,0,70,70,0.25,1,2d,loaded,nonlooping,,1,0,88,,default,0,0,0,0,0.5,0.5,no,yes,none,1000,no,,both,no,no,,,75,no,no,0,0,wma,yes,no,world,reload,no,raw\sound\fly\gear\rattle\rattle_02.xm4,0,raw\sound\fly\gear\rattle\rattle_02.mp3,0,raw\sound\fly\gear\rattle\rattle_02.wav,0,raw\sound\fly\gear\rattle\rattle_02.wds,0,wpn_special,all
wpn_tesla_raise_plr,raw\sound\fly\gear\rattle\rattle_03.wav,wpn_all_reload_plr,wpn_tesla,,reload,100,100,100,0,0,0,default,default,allon,rdefault,5,priority,5,reject,-88,84,0,70,70,0.25,1,2d,loaded,nonlooping,,1,0,88,,default,0,0,0,0,0.5,0.5,no,yes,none,1000,no,,both,no,no,,,75,no,no,0,0,wma,yes,no,world,reload,no,raw\sound\fly\gear\rattle\rattle_03.xm4,0,raw\sound\fly\gear\rattle\rattle_03.mp3,0,raw\sound\fly\gear\rattle\rattle_03.wav,0,raw\sound\fly\gear\rattle\rattle_03.wds,0,wpn_special,all
wpn_tesla_raise_plr,raw\sound\fly\gear\rattle\rattle_04.wav,wpn_all_reload_plr,wpn_tesla,,reload,100,100,100,0,0,0,default,default,allon,rdefault,5,priority,5,reject,-88,84,0,70,70,0.25,1,2d,loaded,nonlooping,,1,0,88,,default,0,0,0,0,0.5,0.5,no,yes,none,1000,no,,both,no,no,,,75,no,no,0,0,wma,yes,no,world,reload,no,raw\sound\fly\gear\rattle\rattle_04.xm4,0,raw\sound\fly\gear\rattle\rattle_04.mp3,0,raw\sound\fly\gear\rattle\rattle_04.wav,0,raw\sound\fly\gear\rattle\rattle_04.wds,0,wpn_special,all
wpn_tesla_sizzle,raw\sound\fly\body_burn\sizzle\sizzle_00.wav,,wpn_tesla,wpn_tesla_proj_impact,event,96,96,100,100,380,380,curve2,default,allon,rdefault,5,priority,5,reject,0,0,0,10,20,0.25,1,3d,loaded,nonlooping,,1,290,98,,default,0,50,100,99,0.5,0.5,no,yes,none,1000,no,,both,no,no,,,75,no,no,0,0,wma,yes,no,world,event,no,raw\sound\fly\body_burn\sizzle\sizzle_00.xm4,0,raw\sound\fly\body_burn\sizzle\sizzle_00.mp3,0,raw\sound\fly\body_burn\sizzle\sizzle_00.wav,0,raw\sound\fly\body_burn\sizzle\sizzle_00.wds,0,wpn_special,all
wpn_tesla_sweeps,raw\sound\wpn\energy\dg2\effects\sweets\sweets_00.wav,,wpn_tesla,,ambience,93,93,100,100,280,280,curve2,default,allon,rdefault,1,reject,5,reject,-386,84,0,80,90,0.25,1,3d,loaded,nonlooping,,0.7,255,98,,default,0,50,100,99,0.5,0.5,no,yes,none,1000,no,,both,no,no,,,75,no,no,0,0,wma,yes,no,world,ambience,no,raw\sound\wpn\energy\dg2\effects\sweets\sweets_00.xm4,0,raw\sound\wpn\energy\dg2\effects\sweets\sweets_00.mp3,0,raw\sound\wpn\energy\dg2\effects\sweets\sweets_00.wav,0,raw\sound\wpn\energy\dg2\effects\sweets\sweets_00.wds,0,wpn_special,all
wpn_tesla_sweeps,raw\sound\wpn\energy\dg2\effects\sweets\sweets_01.wav,,wpn_tesla,,ambience,93,93,100,100,280,280,curve2,default,allon,rdefault,1,reject,5,reject,-386,84,0,80,90,0.25,1,3d,loaded,nonlooping,,0.7,255,98,,default,0,50,100,99,0.5,0.5,no,yes,none,1000,no,,both,no,no,,,75,no,no,0,0,wma,yes,no,world,ambience,no,raw\sound\wpn\energy\dg2\effects\sweets\sweets_01.xm4,0,raw\sound\wpn\energy\dg2\effects\sweets\sweets_01.mp3,0,raw\sound\wpn\energy\dg2\effects\sweets\sweets_01.wav,0,raw\sound\wpn\energy\dg2\effects\sweets\sweets_01.wds,0,wpn_special,all
wpn_tesla_sweeps,raw\sound\wpn\energy\dg2\effects\sweets\sweets_04.wav,,wpn_tesla,,ambience,93,93,100,100,280,280,curve2,default,allon,rdefault,1,reject,5,reject,-386,84,0,80,90,0.25,1,3d,loaded,nonlooping,,0.7,255,98,,default,0,50,100,99,0.5,0.5,no,yes,none,1000,no,,both,no,no,,,75,no,no,0,0,wma,yes,no,world,ambience,no,raw\sound\wpn\energy\dg2\effects\sweets\sweets_04.xm4,0,raw\sound\wpn\energy\dg2\effects\sweets\sweets_04.mp3,0,raw\sound\wpn\energy\dg2\effects\sweets\sweets_04.wav,0,raw\sound\wpn\energy\dg2\effects\sweets\sweets_04.wds,0,wpn_special,all
wpn_tesla_sweeps,raw\sound\wpn\energy\dg2\effects\sweets\sweets_05.wav,,wpn_tesla,,ambience,93,93,100,100,280,280,curve2,default,allon,rdefault,1,reject,5,reject,-386,84,0,80,90,0.25,1,3d,loaded,nonlooping,,0.7,255,98,,default,0,50,100,99,0.5,0.5,no,yes,none,1000,no,,both,no,no,,,75,no,no,0,0,wma,yes,no,world,ambience,no,raw\sound\wpn\energy\dg2\effects\sweets\sweets_05.xm4,0,raw\sound\wpn\energy\dg2\effects\sweets\sweets_05.mp3,0,raw\sound\wpn\energy\dg2\effects\sweets\sweets_05.wav,0,raw\sound\wpn\energy\dg2\effects\sweets\sweets_05.wds,0,wpn_special,all
wpn_tesla_sweeps,raw\sound\wpn\energy\dg2\effects\sweets\sweets_06.wav,,wpn_tesla,,ambience,93,93,100,100,280,280,curve2,default,allon,rdefault,1,reject,5,reject,-386,84,0,80,90,0.25,1,3d,loaded,nonlooping,,0.7,255,98,,default,0,50,100,99,0.5,0.5,no,yes,none,1000,no,,both,no,no,,,75,no,no,0,0,wma,yes,no,world,ambience,no,raw\sound\wpn\energy\dg2\effects\sweets\sweets_06.xm4,0,raw\sound\wpn\energy\dg2\effects\sweets\sweets_06.mp3,0,raw\sound\wpn\energy\dg2\effects\sweets\sweets_06.wav,0,raw\sound\wpn\energy\dg2\effects\sweets\sweets_06.wds,0,wpn_special,all
wpn_tesla_sweeps_idle,raw\sound\wpn\energy\dg2\effects\idle\idle_00.wav,,wpn_tesla,wpn_tesla_sweeps,ambience,96,96,100,100,280,280,curve2,default,allon,rdefault,1,reject,5,reject,-386,84,0,80,90,0.25,1,3d,loaded,nonlooping,,1,0,98,,default,0,50,100,99,0.5,0.5,no,yes,none,1000,no,,both,no,no,,,75,no,no,0,0,wma,yes,no,world,ambience,no,raw\sound\wpn\energy\dg2\effects\idle\idle_00.xm4,0,raw\sound\wpn\energy\dg2\effects\idle\idle_00.mp3,0,raw\sound\wpn\energy\dg2\effects\idle\idle_00.wav,0,raw\sound\wpn\energy\dg2\effects\idle\idle_00.wds,0,wpn_special,all
wpn_tesla_sweeps_idle,raw\sound\wpn\energy\dg2\effects\idle\idle_01.wav,,wpn_tesla,wpn_tesla_sweeps,ambience,96,96,100,100,280,280,curve2,default,allon,rdefault,1,reject,5,reject,-386,84,0,80,90,0.25,1,3d,loaded,nonlooping,,1,0,98,,default,0,50,100,99,0.5,0.5,no,yes,none,1000,no,,both,no,no,,,75,no,no,0,0,wma,yes,no,world,ambience,no,raw\sound\wpn\energy\dg2\effects\idle\idle_01.xm4,0,raw\sound\wpn\energy\dg2\effects\idle\idle_01.mp3,0,raw\sound\wpn\energy\dg2\effects\idle\idle_01.wav,0,raw\sound\wpn\energy\dg2\effects\idle\idle_01.wds,0,wpn_special,all
wpn_tesla_sweeps_idle,raw\sound\wpn\energy\dg2\effects\idle\idle_02.wav,,wpn_tesla,wpn_tesla_sweeps,ambience,96,96,100,100,280,280,curve2,default,allon,rdefault,1,reject,5,reject,-386,84,0,80,90,0.25,1,3d,loaded,nonlooping,,1,0,98,,default,0,50,100,99,0.5,0.5,no,yes,none,1000,no,,both,no,no,,,75,no,no,0,0,wma,yes,no,world,ambience,no,raw\sound\wpn\energy\dg2\effects\idle\idle_02.xm4,0,raw\sound\wpn\energy\dg2\effects\idle\idle_02.mp3,0,raw\sound\wpn\energy\dg2\effects\idle\idle_02.wav,0,raw\sound\wpn\energy\dg2\effects\idle\idle_02.wds,0,wpn_special,all
wpn_tesla_sweeps_idle,raw\sound\wpn\energy\dg2\effects\idle\idle_03.wav,,wpn_tesla,wpn_tesla_sweeps,ambience,96,96,100,100,280,280,curve2,default,allon,rdefault,1,reject,5,reject,-386,84,0,80,90,0.25,1,3d,loaded,nonlooping,,1,0,98,,default,0,50,100,99,0.5,0.5,no,yes,none,1000,no,,both,no,no,,,75,no,no,0,0,wma,yes,no,world,ambience,no,raw\sound\wpn\energy\dg2\effects\idle\idle_03.xm4,0,raw\sound\wpn\energy\dg2\effects\idle\idle_03.mp3,0,raw\sound\wpn\energy\dg2\effects\idle\idle_03.wav,0,raw\sound\wpn\energy\dg2\effects\idle\idle_03.wds,0,wpn_special,all
wpn_tesla_sweeps_idle,raw\sound\wpn\energy\dg2\effects\idle\idle_04.wav,,wpn_tesla,wpn_tesla_sweeps,ambience,96,96,100,100,280,280,curve2,default,allon,rdefault,1,reject,5,reject,-386,84,0,80,90,0.25,1,3d,loaded,nonlooping,,1,0,98,,default,0,50,100,99,0.5,0.5,no,yes,none,1000,no,,both,no,no,,,75,no,no,0,0,wma,yes,no,world,ambience,no,raw\sound\wpn\energy\dg2\effects\idle\idle_04.xm4,0,raw\sound\wpn\energy\dg2\effects\idle\idle_04.mp3,0,raw\sound\wpn\energy\dg2\effects\idle\idle_04.wav,0,raw\sound\wpn\energy\dg2\effects\idle\idle_04.wds,0,wpn_special,all
wpn_tesla_sweeps_idle,raw\sound\wpn\energy\dg2\effects\idle\idle_05.wav,,wpn_tesla,wpn_tesla_sweeps,ambience,96,96,100,100,280,280,curve2,default,allon,rdefault,1,reject,5,reject,-386,84,0,80,90,0.25,1,3d,loaded,nonlooping,,1,0,98,,default,0,50,100,99,0.5,0.5,no,yes,none,1000,no,,both,no,no,,,75,no,no,0,0,wma,yes,no,world,ambience,no,raw\sound\wpn\energy\dg2\effects\idle\idle_05.xm4,0,raw\sound\wpn\energy\dg2\effects\idle\idle_05.mp3,0,raw\sound\wpn\energy\dg2\effects\idle\idle_05.wav,0,raw\sound\wpn\energy\dg2\effects\idle\idle_05.wds,0,wpn_special,all
wpn_tesla_switch_flip_off,raw\sound\wpn\energy\dg2\reload\plr\tesla_switch_flip_off.wav,,wpn_tesla,,foley,96,96,100,0,0,0,default,default,allon,rdefault,5,priority,5,reject,0,0,0,80,90,0.25,1,2d,loaded,nonlooping,,1,0,96,,wpn_all,0,0,0,0,0.5,0.5,no,yes,none,1000,no,,both,no,no,,,75,no,no,0,0,wma,yes,no,world,foley,no,raw\sound\wpn\energy\dg2\reload\plr\tesla_switch_flip_off.xm4,0,raw\sound\wpn\energy\dg2\reload\plr\tesla_switch_flip_off.mp3,0,raw\sound\wpn\energy\dg2\reload\plr\tesla_switch_flip_off.wav,0,raw\sound\wpn\energy\dg2\reload\plr\tesla_switch_flip_off.wds,0,wpn_special,all
wpn_tesla_switch_flip_on,raw\sound\wpn\energy\dg2\reload\plr\tesla_switch_flip_on.wav,,wpn_tesla,,foley,96,96,100,0,0,0,default,default,allon,rdefault,5,priority,5,reject,0,0,0,80,90,0.25,1,2d,loaded,nonlooping,,1,0,96,,wpn_all,0,0,0,0,0.5,0.5,no,yes,none,1000,no,,both,no,no,,,75,no,no,0,0,wma,yes,no,world,foley,no,raw\sound\wpn\energy\dg2\reload\plr\tesla_switch_flip_on.xm4,0,raw\sound\wpn\energy\dg2\reload\plr\tesla_switch_flip_on.mp3,0,raw\sound\wpn\energy\dg2\reload\plr\tesla_switch_flip_on.wav,0,raw\sound\wpn\energy\dg2\reload\plr\tesla_switch_flip_on.wds,0,wpn_special,all
wpn_tesla_switch_flip_raise,raw\sound\wpn\energy\dg2\reload\plr\tesla_switch_flip_on.wav,,wpn_tesla,,foley,96,96,100,0,0,0,default,default,allon,rdefault,5,priority,5,reject,0,0,0,80,90,0.25,1,2d,loaded,nonlooping,,1,0,96,,wpn_all,0,0,0,0,0.5,0.5,no,yes,none,1000,no,,both,no,no,,,75,no,no,0,0,wma,yes,no,world,foley,no,raw\sound\wpn\energy\dg2\reload\plr\tesla_switch_flip_on.xm4,0,raw\sound\wpn\energy\dg2\reload\plr\tesla_switch_flip_on.mp3,0,raw\sound\wpn\energy\dg2\reload\plr\tesla_switch_flip_on.wav,0,raw\sound\wpn\energy\dg2\reload\plr\tesla_switch_flip_on.wds,0,wpn_special,all
# Defaults
wpn_thompson_1straise_npc,raw\sound\fly\gear\rattle\rattle_00.wav,wpn_all_reload_npc,wpn_thompson,,reload,94,96,100,150,1000,1000,default,default,allon,rdefault,4,priority,5,reject,-88,84,0,15,30,0.25,1,3d,loaded,nonlooping,,1,0,92,,default,0,0,0,0,0.5,0.5,no,yes,none,1000,no,,both,no,no,,,75,no,no,0,0,wma,yes,no,world,reload,no,raw\sound\fly\gear\rattle\rattle_00.xm4,0,raw\sound\fly\gear\rattle\rattle_00.mp3,0,raw\sound\fly\gear\rattle\rattle_00.wav,0,raw\sound\fly\gear\rattle\rattle_00.wds,0,wpn_ww2,all
wpn_thompson_1straise_npc,raw\sound\fly\gear\rattle\rattle_01.wav,wpn_all_reload_npc,wpn_thompson,,reload,94,96,100,150,1000,1000,default,default,allon,rdefault,4,priority,5,reject,-88,84,0,15,30,0.25,1,3d,loaded,nonlooping,,1,0,92,,default,0,0,0,0,0.5,0.5,no,yes,none,1000,no,,both,no,no,,,75,no,no,0,0,wma,yes,no,world,reload,no,raw\sound\fly\gear\rattle\rattle_01.xm4,0,raw\sound\fly\gear\rattle\rattle_01.mp3,0,raw\sound\fly\gear\rattle\rattle_01.wav,0,raw\sound\fly\gear\rattle\rattle_01.wds,0,wpn_ww2,all
wpn_thompson_1straise_npc,raw\sound\fly\gear\rattle\rattle_02.wav,wpn_all_reload_npc,wpn_thompson,,reload,94,96,100,150,1000,1000,default,default,allon,rdefault,4,priority,5,reject,-88,84,0,15,30,0.25,1,3d,loaded,nonlooping,,1,0,92,,default,0,0,0,0,0.5,0.5,no,yes,none,1000,no,,both,no,no,,,75,no,no,0,0,wma,yes,no,world,reload,no,raw\sound\fly\gear\rattle\rattle_02.xm4,0,raw\sound\fly\gear\rattle\rattle_02.mp3,0,raw\sound\fly\gear\rattle\rattle_02.wav,0,raw\sound\fly\gear\rattle\rattle_02.wds,0,wpn_ww2,all
wpn_thompson_1straise_npc,raw\sound\fly\gear\rattle\rattle_03.wav,wpn_all_reload_npc,wpn_thompson,,reload,94,96,100,150,1000,1000,default,default,allon,rdefault,4,priority,5,reject,-88,84,0,15,30,0.25,1,3d,loaded,nonlooping,,1,0,92,,default,0,0,0,0,0.5,0.5,no,yes,none,1000,no,,both,no,no,,,75,no,no,0,0,wma,yes,no,world,reload,no,raw\sound\fly\gear\rattle\rattle_03.xm4,0,raw\sound\fly\gear\rattle\rattle_03.mp3,0,raw\sound\fly\gear\rattle\rattle_03.wav,0,raw\sound\fly\gear\rattle\rattle_03.wds,0,wpn_ww2,all
wpn_thompson_1straise_npc,raw\sound\fly\gear\rattle\rattle_04.wav,wpn_all_reload_npc,wpn_thompson,,reload,94,96,100,150,1000,1000,default,default,allon,rdefault,4,priority,5,reject,-88,84,0,15,30,0.25,1,3d,loaded,nonlooping,,1,0,92,,default,0,0,0,0,0.5,0.5,no,yes,none,1000,no,,both,no,no,,,75,no,no,0,0,wma,yes,no,world,reload,no,raw\sound\fly\gear\rattle\rattle_04.xm4,0,raw\sound\fly\gear\rattle\rattle_04.mp3,0,raw\sound\fly\gear\rattle\rattle_04.wav,0,raw\sound\fly\gear\rattle\rattle_04.wds,0,wpn_ww2,all
wpn_thompson_1straise_plr,raw\sound\fly\gear\rattle\rattle_00.wav,wpn_all_reload_plr,wpn_thompson,,reload,100,100,100,0,0,0,default,default,allon,rdefault,5,priority,5,reject,-88,84,0,70,70,0.25,1,2d,loaded,nonlooping,,1,0,88,,default,0,0,0,0,0.5,0.5,no,yes,none,1000,no,,both,no,no,,,75,no,no,0,0,wma,yes,no,world,reload,no,raw\sound\fly\gear\rattle\rattle_00.xm4,0,raw\sound\fly\gear\rattle\rattle_00.mp3,0,raw\sound\fly\gear\rattle\rattle_00.wav,0,raw\sound\fly\gear\rattle\rattle_00.wds,0,wpn_ww2,all
wpn_thompson_1straise_plr,raw\sound\fly\gear\rattle\rattle_01.wav,wpn_all_reload_plr,wpn_thompson,,reload,100,100,100,0,0,0,default,default,allon,rdefault,5,priority,5,reject,-88,84,0,70,70,0.25,1,2d,loaded,nonlooping,,1,0,88,,default,0,0,0,0,0.5,0.5,no,yes,none,1000,no,,both,no,no,,,75,no,no,0,0,wma,yes,no,world,reload,no,raw\sound\fly\gear\rattle\rattle_01.xm4,0,raw\sound\fly\gear\rattle\rattle_01.mp3,0,raw\sound\fly\gear\rattle\rattle_01.wav,0,raw\sound\fly\gear\rattle\rattle_01.wds,0,wpn_ww2,all
wpn_thompson_1straise_plr,raw\sound\fly\gear\rattle\rattle_02.wav,wpn_all_reload_plr,wpn_thompson,,reload,100,100,100,0,0,0,default,default,allon,rdefault,5,priority,5,reject,-88,84,0,70,70,0.25,1,2d,loaded,nonlooping,,1,0,88,,default,0,0,0,0,0.5,0.5,no,yes,none,1000,no,,both,no,no,,,75,no,no,0,0,wma,yes,no,world,reload,no,raw\sound\fly\gear\rattle\rattle_02.xm4,0,raw\sound\fly\gear\rattle\rattle_02.mp3,0,raw\sound\fly\gear\rattle\rattle_02.wav,0,raw\sound\fly\gear\rattle\rattle_02.wds,0,wpn_ww2,all
wpn_thompson_1straise_plr,raw\sound\fly\gear\rattle\rattle_03.wav,wpn_all_reload_plr,wpn_thompson,,reload,100,100,100,0,0,0,default,default,allon,rdefault,5,priority,5,reject,-88,84,0,70,70,0.25,1,2d,loaded,nonlooping,,1,0,88,,default,0,0,0,0,0.5,0.5,no,yes,none,1000,no,,both,no,no,,,75,no,no,0,0,wma,yes,no,world,reload,no,raw\sound\fly\gear\rattle\rattle_03.xm4,0,raw\sound\fly\gear\rattle\rattle_03.mp3,0,raw\sound\fly\gear\rattle\rattle_03.wav,0,raw\sound\fly\gear\rattle\rattle_03.wds,0,wpn_ww2,all
wpn_thompson_1straise_plr,raw\sound\fly\gear\rattle\rattle_04.wav,wpn_all_reload_plr,wpn_thompson,,reload,100,100,100,0,0,0,default,default,allon,rdefault,5,priority,5,reject,-88,84,0,70,70,0.25,1,2d,loaded,nonlooping,,1,0,88,,default,0,0,0,0,0.5,0.5,no,yes,none,1000,no,,both,no,no,,,75,no,no,0,0,wma,yes,no,world,reload,no,raw\sound\fly\gear\rattle\rattle_04.xm4,0,raw\sound\fly\gear\rattle\rattle_04.mp3,0,raw\sound\fly\gear\rattle\rattle_04.wav,0,raw\sound\fly\gear\rattle\rattle_04.wds,0,wpn_ww2,all
wpn_thompson_bass_swt,raw\sound\wpn\smg\ak74\lfe\lfe_00.wav,wpn_smg_shot_plr,wpn_thompson,,wpn_smg_plr,100,100,100,0,0,0,curve3,default,allon,rdefault,1,oldest,5,reject,0,0,0,90,90,0.25,1,2d,loaded,nonlooping,,1,0,100,,lfe,0,0,0,0,0.5,0.5,no,no,none,1000,no,,both,no,no,,,75,no,no,0,0,wma,yes,no,world,wpn_plr,no,raw\sound\wpn\smg\ak74\lfe\lfe_00.xm4,0,raw\sound\wpn\smg\ak74\lfe\lfe_00.mp3,0,raw\sound\wpn\smg\ak74\lfe\lfe_00.wav,0,raw\sound\wpn\smg\ak74\lfe\lfe_00.wds,0,wpn_ww2,all
wpn_thompson_dryfire_npc,raw\sound\wpn\smg\dry_fire\npc\dry_fire_npc.wav,wpn_smg_shot_npc,wpn_thompson,,wpn_smg_npc,100,100,0.75,100,2300,2400,log2,log2,allon,rdefault,10,priority,2,oldest,-100,100,0.8,20,90,0.25,1,3d,loaded,nonlooping,pitch,1,0,100,,default,0,0,0,0,0.5,0.5,no,no,none,1000,no,,both,no,no,,,75,no,no,0,0,wma,yes,no,world,wpn_npc,no,raw\sound\wpn\smg\dry_fire\npc\dry_fire_npc.xm4,0,raw\sound\wpn\smg\dry_fire\npc\dry_fire_npc.mp3,0,raw\sound\wpn\smg\dry_fire\npc\dry_fire_npc.wav,0,raw\sound\wpn\smg\dry_fire\npc\dry_fire_npc.wds,0,wpn_ww2,all
wpn_thompson_dryfire_plr,raw\sound\wpn\smg\dry_fire\plr\dry_fire_plr.wav,wpn_smg_shot_plr,wpn_thompson,,wpn_smg_plr,100,100,100,0,0,0,curve3,default,allon,rdefault,2,oldest,5,reject,0,0,0,90,90,0.25,1,2d,loaded,nonlooping,,1,0,100,,wpn_all,0,0,0,0,0.5,0.5,no,no,none,1000,no,,both,no,no,,,75,no,no,0,0,wma,yes,no,world,wpn_plr,no,raw\sound\wpn\smg\dry_fire\plr\dry_fire_plr.xm4,0,raw\sound\wpn\smg\dry_fire\plr\dry_fire_plr.mp3,0,raw\sound\wpn\smg\dry_fire\plr\dry_fire_plr.wav,0,raw\sound\wpn\smg\dry_fire\plr\dry_fire_plr.wds,0,wpn_ww2,all
wpn_thompson_fire,raw\sound\wpn\smg\ak74\plr\shot\shot_00.wav,wpn_smg_shot_npc,wpn_thompson,wpn_thompson_fire_npc_dist,wpn_smg_npc,100,100,0.75,100,2300,2400,log2,log2,allon,rdefault,10,priority,2,oldest,-100,100,0.8,20,90,0.25,1,3d,loaded,nonlooping,pitch,1,0,100,,default,0,0,0,0,0.5,0.5,no,no,none,1000,no,,both,no,no,,,75,no,no,0,0,wma,yes,no,world,wpn_npc,no,raw\sound\wpn\smg\ak74\plr\shot\shot_00.xm4,0,raw\sound\wpn\smg\ak74\plr\shot\shot_00.mp3,0,raw\sound\wpn\smg\ak74\plr\shot\shot_00.wav,0,raw\sound\wpn\smg\ak74\plr\shot\shot_00.wds,0,wpn_ww2,all
wpn_thompson_fire,raw\sound\wpn\smg\ak74\plr\shot\shot_01.wav,wpn_smg_shot_npc,wpn_thompson,wpn_thompson_fire_npc_dist,wpn_smg_npc,100,100,0.75,100,2300,2400,log2,log2,allon,rdefault,10,priority,2,oldest,-100,100,0.8,20,90,0.25,1,3d,loaded,nonlooping,pitch,1,0,100,,default,0,0,0,0,0.5,0.5,no,no,none,1000,no,,both,no,no,,,75,no,no,0,0,wma,yes,no,world,wpn_npc,no,raw\sound\wpn\smg\ak74\plr\shot\shot_01.xm4,0,raw\sound\wpn\smg\ak74\plr\shot\shot_01.mp3,0,raw\sound\wpn\smg\ak74\plr\shot\shot_01.wav,0,raw\sound\wpn\smg\ak74\plr\shot\shot_01.wds,0,wpn_ww2,all
wpn_thompson_fire,raw\sound\wpn\smg\ak74\plr\shot\shot_02.wav,wpn_smg_shot_npc,wpn_thompson,wpn_thompson_fire_npc_dist,wpn_smg_npc,100,100,0.75,100,2300,2400,log2,log2,allon,rdefault,10,priority,2,oldest,-100,100,0.8,20,90,0.25,1,3d,loaded,nonlooping,pitch,1,0,100,,default,0,0,0,0,0.5,0.5,no,no,none,1000,no,,both,no,no,,,75,no,no,0,0,wma,yes,no,world,wpn_npc,no,raw\sound\wpn\smg\ak74\plr\shot\shot_02.xm4,0,raw\sound\wpn\smg\ak74\plr\shot\shot_02.mp3,0,raw\sound\wpn\smg\ak74\plr\shot\shot_02.wav,0,raw\sound\wpn\smg\ak74\plr\shot\shot_02.wds,0,wpn_ww2,all
wpn_thompson_fire,raw\sound\wpn\smg\ak74\plr\shot\shot_03.wav,wpn_smg_shot_npc,wpn_thompson,wpn_thompson_fire_npc_dist,wpn_smg_npc,100,100,0.75,100,2300,2400,log2,log2,allon,rdefault,10,priority,2,oldest,-100,100,0.8,20,90,0.25,1,3d,loaded,nonlooping,pitch,1,0,100,,default,0,0,0,0,0.5,0.5,no,no,none,1000,no,,both,no,no,,,75,no,no,0,0,wma,yes,no,world,wpn_npc,no,raw\sound\wpn\smg\ak74\plr\shot\shot_03.xm4,0,raw\sound\wpn\smg\ak74\plr\shot\shot_03.mp3,0,raw\sound\wpn\smg\ak74\plr\shot\shot_03.wav,0,raw\sound\wpn\smg\ak74\plr\shot\shot_03.wds,0,wpn_ww2,all
wpn_thompson_fire,raw\sound\wpn\smg\ak74\plr\shot\shot_04.wav,wpn_smg_shot_npc,wpn_thompson,wpn_thompson_fire_npc_dist,wpn_smg_npc,100,100,0.75,100,2300,2400,log2,log2,allon,rdefault,10,priority,2,oldest,-100,100,0.8,20,90,0.25,1,3d,loaded,nonlooping,pitch,1,0,100,,default,0,0,0,0,0.5,0.5,no,no,none,1000,no,,both,no,no,,,75,no,no,0,0,wma,yes,no,world,wpn_npc,no,raw\sound\wpn\smg\ak74\plr\shot\shot_04.xm4,0,raw\sound\wpn\smg\ak74\plr\shot\shot_04.mp3,0,raw\sound\wpn\smg\ak74\plr\shot\shot_04.wav,0,raw\sound\wpn\smg\ak74\plr\shot\shot_04.wds,0,wpn_ww2,all
wpn_thompson_fire_npc_dist,raw\sound\wpn\smg\ak74\npc\dist\dist_00.wav,wpn_aslt_dist_npc,wpn_thompson,,wpn_dist,97,97,0.75,200,5000,5000,cos,default,sin,rdefault,10,oldest,3,oldest,0,0,0.8,40,90,0.25,1,3d,loaded,nonlooping,pitch,1,0,100,,default,0,0,0,0,0.5,0.5,no,no,none,1000,no,,both,no,no,,,75,no,no,0,0,wma,yes,no,world,wpn_dist,no,raw\sound\wpn\smg\ak74\npc\dist\dist_00.xm4,0,raw\sound\wpn\smg\ak74\npc\dist\dist_00.mp3,0,raw\sound\wpn\smg\ak74\npc\dist\dist_00.wav,0,raw\sound\wpn\smg\ak74\npc\dist\dist_00.wds,0,wpn_ww2,all
wpn_thompson_fire_npc_dist,raw\sound\wpn\smg\ak74\npc\dist\dist_01.wav,wpn_aslt_dist_npc,wpn_thompson,,wpn_dist,97,97,0.75,200,5000,5000,cos,default,sin,rdefault,10,oldest,3,oldest,0,0,0.8,40,90,0.25,1,3d,loaded,nonlooping,pitch,1,0,100,,default,0,0,0,0,0.5,0.5,no,no,none,1000,no,,both,no,no,,,75,no,no,0,0,wma,yes,no,world,wpn_dist,no,raw\sound\wpn\smg\ak74\npc\dist\dist_01.xm4,0,raw\sound\wpn\smg\ak74\npc\dist\dist_01.mp3,0,raw\sound\wpn\smg\ak74\npc\dist\dist_01.wav,0,raw\sound\wpn\smg\ak74\npc\dist\dist_01.wds,0,wpn_ww2,all
wpn_thompson_fire_npc_dist,raw\sound\wpn\smg\ak74\npc\dist\dist_03.wav,wpn_aslt_dist_npc,wpn_thompson,,wpn_dist,97,97,0.75,200,5000,5000,cos,default,sin,rdefault,10,oldest,3,oldest,0,0,0.8,40,90,0.25,1,3d,loaded,nonlooping,pitch,1,0,100,,default,0,0,0,0,0.5,0.5,no,no,none,1000,no,,both,no,no,,,75,no,no,0,0,wma,yes,no,world,wpn_dist,no,raw\sound\wpn\smg\ak74\npc\dist\dist_03.xm4,0,raw\sound\wpn\smg\ak74\npc\dist\dist_03.mp3,0,raw\sound\wpn\smg\ak74\npc\dist\dist_03.wav,0,raw\sound\wpn\smg\ak74\npc\dist\dist_03.wds,0,wpn_ww2,all
wpn_thompson_fire_plr,raw\sound\wpn\smg\ak74\plr\shot\shot_00.wav,wpn_smg_shot_plr,wpn_thompson,wpn_thompson_fire_plr_ring_f,wpn_smg_plr,100,100,100,0,0,0,curve3,default,allon,rdefault,2,oldest,5,reject,0,0,0,90,90,0.25,1,2d,loaded,nonlooping,,1,0,100,smg_3p_gun_duck,wpn_all,0,0,0,0,0.5,0.5,no,no,none,1000,no,,both,no,no,,,75,no,no,0,0,wma,yes,no,world,wpn_plr,no,raw\sound\wpn\smg\ak74\plr\shot\shot_00.xm4,0,raw\sound\wpn\smg\ak74\plr\shot\shot_00.mp3,0,raw\sound\wpn\smg\ak74\plr\shot\shot_00.wav,0,raw\sound\wpn\smg\ak74\plr\shot\shot_00.wds,0,wpn_ww2,all
wpn_thompson_fire_plr,raw\sound\wpn\smg\ak74\plr\shot\shot_01.wav,wpn_smg_shot_plr,wpn_thompson,wpn_thompson_fire_plr_ring_f,wpn_smg_plr,100,100,100,0,0,0,curve3,default,allon,rdefault,2,oldest,5,reject,0,0,0,90,90,0.25,1,2d,loaded,nonlooping,,1,0,100,smg_3p_gun_duck,wpn_all,0,0,0,0,0.5,0.5,no,no,none,1000,no,,both,no,no,,,75,no,no,0,0,wma,yes,no,world,wpn_plr,no,raw\sound\wpn\smg\ak74\plr\shot\shot_01.xm4,0,raw\sound\wpn\smg\ak74\plr\shot\shot_01.mp3,0,raw\sound\wpn\smg\ak74\plr\shot\shot_01.wav,0,raw\sound\wpn\smg\ak74\plr\shot\shot_01.wds,0,wpn_ww2,all
wpn_thompson_fire_plr,raw\sound\wpn\smg\ak74\plr\shot\shot_02.wav,wpn_smg_shot_plr,wpn_thompson,wpn_thompson_fire_plr_ring_f,wpn_smg_plr,100,100,100,0,0,0,curve3,default,allon,rdefault,2,oldest,5,reject,0,0,0,90,90,0.25,1,2d,loaded,nonlooping,,1,0,100,smg_3p_gun_duck,wpn_all,0,0,0,0,0.5,0.5,no,no,none,1000,no,,both,no,no,,,75,no,no,0,0,wma,yes,no,world,wpn_plr,no,raw\sound\wpn\smg\ak74\plr\shot\shot_02.xm4,0,raw\sound\wpn\smg\ak74\plr\shot\shot_02.mp3,0,raw\sound\wpn\smg\ak74\plr\shot\shot_02.wav,0,raw\sound\wpn\smg\ak74\plr\shot\shot_02.wds,0,wpn_ww2,all
wpn_thompson_fire_plr,raw\sound\wpn\smg\ak74\plr\shot\shot_03.wav,wpn_smg_shot_plr,wpn_thompson,wpn_thompson_fire_plr_ring_f,wpn_smg_plr,100,100,100,0,0,0,curve3,default,allon,rdefault,2,oldest,5,reject,0,0,0,90,90,0.25,1,2d,loaded,nonlooping,,1,0,100,smg_3p_gun_duck,wpn_all,0,0,0,0,0.5,0.5,no,no,none,1000,no,,both,no,no,,,75,no,no,0,0,wma,yes,no,world,wpn_plr,no,raw\sound\wpn\smg\ak74\plr\shot\shot_03.xm4,0,raw\sound\wpn\smg\ak74\plr\shot\shot_03.mp3,0,raw\sound\wpn\smg\ak74\plr\shot\shot_03.wav,0,raw\sound\wpn\smg\ak74\plr\shot\shot_03.wds,0,wpn_ww2,all
wpn_thompson_fire_plr,raw\sound\wpn\smg\ak74\plr\shot\shot_04.wav,wpn_smg_shot_plr,wpn_thompson,wpn_thompson_fire_plr_ring_f,wpn_smg_plr,100,100,100,0,0,0,curve3,default,allon,rdefault,2,oldest,5,reject,0,0,0,90,90,0.25,1,2d,loaded,nonlooping,,1,0,100,smg_3p_gun_duck,wpn_all,0,0,0,0,0.5,0.5,no,no,none,1000,no,,both,no,no,,,75,no,no,0,0,wma,yes,no,world,wpn_plr,no,raw\sound\wpn\smg\ak74\plr\shot\shot_04.xm4,0,raw\sound\wpn\smg\ak74\plr\shot\shot_04.mp3,0,raw\sound\wpn\smg\ak74\plr\shot\shot_04.wav,0,raw\sound\wpn\smg\ak74\plr\shot\shot_04.wds,0,wpn_ww2,all
wpn_thompson_fire_plr_ring_f,raw\sound\wpn\smg\skorpion\plr\ringoff\ringoff_f.wav,wpn_smg_ring_plr,wpn_thompson,wpn_thompson_fire_plr_ring_r,wpn_smg_plr,100,100,100,0,0,0,default,default,allon,rdefault,1,oldest,5,reject,0,0,0,90,90,0.25,1,2d,loaded,nonlooping,,1,0,100,,front,0,0,0,0,0.5,0.5,no,no,none,1000,no,,both,no,no,ringoff_plr,outdoor,75,no,no,0,0,wma,yes,no,world,wpn_plr,no,raw\sound\wpn\smg\skorpion\plr\ringoff\ringoff_f.xm4,0,raw\sound\wpn\smg\skorpion\plr\ringoff\ringoff_f.mp3,0,raw\sound\wpn\smg\skorpion\plr\ringoff\ringoff_f.wav,0,raw\sound\wpn\smg\skorpion\plr\ringoff\ringoff_f.wds,0,wpn_ww2,all
wpn_thompson_fire_plr_ring_r,raw\sound\wpn\smg\skorpion\plr\ringoff\ringoff_r.wav,wpn_smg_ring_plr,wpn_thompson,wpn_thompson_bass_swt,wpn_smg_plr,100,100,100,0,0,0,default,default,allon,rdefault,1,oldest,5,reject,0,0,0,90,90,0.25,1,2d,loaded,nonlooping,,1,0,100,,back,0,0,0,0,0.5,0.5,no,no,none,1000,no,,both,no,no,ringoff_plr,outdoor,75,no,no,0,0,wma,yes,no,world,wpn_plr,no,raw\sound\wpn\smg\skorpion\plr\ringoff\ringoff_r.xm4,0,raw\sound\wpn\smg\skorpion\plr\ringoff\ringoff_r.mp3,0,raw\sound\wpn\smg\skorpion\plr\ringoff\ringoff_r.wav,0,raw\sound\wpn\smg\skorpion\plr\ringoff\ringoff_r.wds,0,wpn_ww2,all
wpn_thompson_pickup_npc,raw\sound\fly\pickups\weapon\pickup_00.wav,wpn_pickup_npc,wpn_thompson,,reload,90,92,100,150,1000,1000,default,default,allon,rdefault,5,priority,1,reject,-88,84,0,15,30,0.25,1,3d,loaded,nonlooping,,1,0,92,,default,0,0,0,0,0.5,0.5,no,yes,none,1000,no,,both,no,no,,,75,no,no,0,0,wma,yes,no,world,reload,no,raw\sound\fly\pickups\weapon\pickup_00.xm4,0,raw\sound\fly\pickups\weapon\pickup_00.mp3,0,raw\sound\fly\pickups\weapon\pickup_00.wav,0,raw\sound\fly\pickups\weapon\pickup_00.wds,0,wpn_ww2,all
wpn_thompson_pickup_npc,raw\sound\fly\pickups\weapon\pickup_01.wav,wpn_pickup_npc,wpn_thompson,,reload,90,92,100,150,1000,1000,default,default,allon,rdefault,5,priority,1,reject,-88,84,0,15,30,0.25,1,3d,loaded,nonlooping,,1,0,92,,default,0,0,0,0,0.5,0.5,no,yes,none,1000,no,,both,no,no,,,75,no,no,0,0,wma,yes,no,world,reload,no,raw\sound\fly\pickups\weapon\pickup_01.xm4,0,raw\sound\fly\pickups\weapon\pickup_01.mp3,0,raw\sound\fly\pickups\weapon\pickup_01.wav,0,raw\sound\fly\pickups\weapon\pickup_01.wds,0,wpn_ww2,all
wpn_thompson_pickup_npc,raw\sound\fly\pickups\weapon\pickup_02.wav,wpn_pickup_npc,wpn_thompson,,reload,90,92,100,150,1000,1000,default,default,allon,rdefault,5,priority,1,reject,-88,84,0,15,30,0.25,1,3d,loaded,nonlooping,,1,0,92,,default,0,0,0,0,0.5,0.5,no,yes,none,1000,no,,both,no,no,,,75,no,no,0,0,wma,yes,no,world,reload,no,raw\sound\fly\pickups\weapon\pickup_02.xm4,0,raw\sound\fly\pickups\weapon\pickup_02.mp3,0,raw\sound\fly\pickups\weapon\pickup_02.wav,0,raw\sound\fly\pickups\weapon\pickup_02.wds,0,wpn_ww2,all
wpn_thompson_pickup_plr,raw\sound\fly\pickups\weapon\pickup_00.wav,wpn_pickup_plr,wpn_thompson,,reload,90,92,100,0,0,0,default,default,allon,rdefault,1,reject,5,reject,-88,84,0,70,70,0.25,1,2d,loaded,nonlooping,,1,0,88,,default,0,0,0,0,0.5,0.5,no,yes,none,1000,no,,both,no,no,,,75,no,no,0,0,wma,yes,no,world,reload,no,raw\sound\fly\pickups\weapon\pickup_00.xm4,0,raw\sound\fly\pickups\weapon\pickup_00.mp3,0,raw\sound\fly\pickups\weapon\pickup_00.wav,0,raw\sound\fly\pickups\weapon\pickup_00.wds,0,wpn_ww2,all
wpn_thompson_pickup_plr,raw\sound\fly\pickups\weapon\pickup_01.wav,wpn_pickup_plr,wpn_thompson,,reload,90,92,100,0,0,0,default,default,allon,rdefault,1,reject,5,reject,-88,84,0,70,70,0.25,1,2d,loaded,nonlooping,,1,0,88,,default,0,0,0,0,0.5,0.5,no,yes,none,1000,no,,both,no,no,,,75,no,no,0,0,wma,yes,no,world,reload,no,raw\sound\fly\pickups\weapon\pickup_01.xm4,0,raw\sound\fly\pickups\weapon\pickup_01.mp3,0,raw\sound\fly\pickups\weapon\pickup_01.wav,0,raw\sound\fly\pickups\weapon\pickup_01.wds,0,wpn_ww2,all
wpn_thompson_pickup_plr,raw\sound\fly\pickups\weapon\pickup_02.wav,wpn_pickup_plr,wpn_thompson,,reload,90,92,100,0,0,0,default,default,allon,rdefault,1,reject,5,reject,-88,84,0,70,70,0.25,1,2d,loaded,nonlooping,,1,0,88,,default,0,0,0,0,0.5,0.5,no,yes,none,1000,no,,both,no,no,,,75,no,no,0,0,wma,yes,no,world,reload,no,raw\sound\fly\pickups\weapon\pickup_02.xm4,0,raw\sound\fly\pickups\weapon\pickup_02.mp3,0,raw\sound\fly\pickups\weapon\pickup_02.wav,0,raw\sound\fly\pickups\weapon\pickup_02.wds,0,wpn_ww2,all
wpn_thompson_raise_npc,raw\sound\fly\gear\rattle\rattle_00.wav,wpn_all_reload_npc,wpn_thompson,,reload,94,96,100,150,1000,1000,default,default,allon,rdefault,4,priority,5,reject,-88,84,0,15,30,0.25,1,3d,loaded,nonlooping,,1,0,92,,default,0,0,0,0,0.5,0.5,no,yes,none,1000,no,,both,no,no,,,75,no,no,0,0,wma,yes,no,world,reload,no,raw\sound\fly\gear\rattle\rattle_00.xm4,0,raw\sound\fly\gear\rattle\rattle_00.mp3,0,raw\sound\fly\gear\rattle\rattle_00.wav,0,raw\sound\fly\gear\rattle\rattle_00.wds,0,wpn_ww2,all
wpn_thompson_raise_npc,raw\sound\fly\gear\rattle\rattle_01.wav,wpn_all_reload_npc,wpn_thompson,,reload,94,96,100,150,1000,1000,default,default,allon,rdefault,4,priority,5,reject,-88,84,0,15,30,0.25,1,3d,loaded,nonlooping,,1,0,92,,default,0,0,0,0,0.5,0.5,no,yes,none,1000,no,,both,no,no,,,75,no,no,0,0,wma,yes,no,world,reload,no,raw\sound\fly\gear\rattle\rattle_01.xm4,0,raw\sound\fly\gear\rattle\rattle_01.mp3,0,raw\sound\fly\gear\rattle\rattle_01.wav,0,raw\sound\fly\gear\rattle\rattle_01.wds,0,wpn_ww2,all
wpn_thompson_raise_npc,raw\sound\fly\gear\rattle\rattle_02.wav,wpn_all_reload_npc,wpn_thompson,,reload,94,96,100,150,1000,1000,default,default,allon,rdefault,4,priority,5,reject,-88,84,0,15,30,0.25,1,3d,loaded,nonlooping,,1,0,92,,default,0,0,0,0,0.5,0.5,no,yes,none,1000,no,,both,no,no,,,75,no,no,0,0,wma,yes,no,world,reload,no,raw\sound\fly\gear\rattle\rattle_02.xm4,0,raw\sound\fly\gear\rattle\rattle_02.mp3,0,raw\sound\fly\gear\rattle\rattle_02.wav,0,raw\sound\fly\gear\rattle\rattle_02.wds,0,wpn_ww2,all
wpn_thompson_raise_npc,raw\sound\fly\gear\rattle\rattle_03.wav,wpn_all_reload_npc,wpn_thompson,,reload,94,96,100,150,1000,1000,default,default,allon,rdefault,4,priority,5,reject,-88,84,0,15,30,0.25,1,3d,loaded,nonlooping,,1,0,92,,default,0,0,0,0,0.5,0.5,no,yes,none,1000,no,,both,no,no,,,75,no,no,0,0,wma,yes,no,world,reload,no,raw\sound\fly\gear\rattle\rattle_03.xm4,0,raw\sound\fly\gear\rattle\rattle_03.mp3,0,raw\sound\fly\gear\rattle\rattle_03.wav,0,raw\sound\fly\gear\rattle\rattle_03.wds,0,wpn_ww2,all
wpn_thompson_raise_npc,raw\sound\fly\gear\rattle\rattle_04.wav,wpn_all_reload_npc,wpn_thompson,,reload,94,96,100,150,1000,1000,default,default,allon,rdefault,4,priority,5,reject,-88,84,0,15,30,0.25,1,3d,loaded,nonlooping,,1,0,92,,default,0,0,0,0,0.5,0.5,no,yes,none,1000,no,,both,no,no,,,75,no,no,0,0,wma,yes,no,world,reload,no,raw\sound\fly\gear\rattle\rattle_04.xm4,0,raw\sound\fly\gear\rattle\rattle_04.mp3,0,raw\sound\fly\gear\rattle\rattle_04.wav,0,raw\sound\fly\gear\rattle\rattle_04.wds,0,wpn_ww2,all
wpn_thompson_raise_plr,raw\sound\fly\gear\rattle\rattle_00.wav,wpn_all_reload_plr,wpn_thompson,,reload,100,100,100,0,0,0,default,default,allon,rdefault,5,priority,5,reject,-88,84,0,70,70,0.25,1,2d,loaded,nonlooping,,1,0,88,,default,0,0,0,0,0.5,0.5,no,yes,none,1000,no,,both,no,no,,,75,no,no,0,0,wma,yes,no,world,reload,no,raw\sound\fly\gear\rattle\rattle_00.xm4,0,raw\sound\fly\gear\rattle\rattle_00.mp3,0,raw\sound\fly\gear\rattle\rattle_00.wav,0,raw\sound\fly\gear\rattle\rattle_00.wds,0,wpn_ww2,all
wpn_thompson_raise_plr,raw\sound\fly\gear\rattle\rattle_01.wav,wpn_all_reload_plr,wpn_thompson,,reload,100,100,100,0,0,0,default,default,allon,rdefault,5,priority,5,reject,-88,84,0,70,70,0.25,1,2d,loaded,nonlooping,,1,0,88,,default,0,0,0,0,0.5,0.5,no,yes,none,1000,no,,both,no,no,,,75,no,no,0,0,wma,yes,no,world,reload,no,raw\sound\fly\gear\rattle\rattle_01.xm4,0,raw\sound\fly\gear\rattle\rattle_01.mp3,0,raw\sound\fly\gear\rattle\rattle_01.wav,0,raw\sound\fly\gear\rattle\rattle_01.wds,0,wpn_ww2,all
wpn_thompson_raise_plr,raw\sound\fly\gear\rattle\rattle_02.wav,wpn_all_reload_plr,wpn_thompson,,reload,100,100,100,0,0,0,default,default,allon,rdefault,5,priority,5,reject,-88,84,0,70,70,0.25,1,2d,loaded,nonlooping,,1,0,88,,default,0,0,0,0,0.5,0.5,no,yes,none,1000,no,,both,no,no,,,75,no,no,0,0,wma,yes,no,world,reload,no,raw\sound\fly\gear\rattle\rattle_02.xm4,0,raw\sound\fly\gear\rattle\rattle_02.mp3,0,raw\sound\fly\gear\rattle\rattle_02.wav,0,raw\sound\fly\gear\rattle\rattle_02.wds,0,wpn_ww2,all
wpn_thompson_raise_plr,raw\sound\fly\gear\rattle\rattle_03.wav,wpn_all_reload_plr,wpn_thompson,,reload,100,100,100,0,0,0,default,default,allon,rdefault,5,priority,5,reject,-88,84,0,70,70,0.25,1,2d,loaded,nonlooping,,1,0,88,,default,0,0,0,0,0.5,0.5,no,yes,none,1000,no,,both,no,no,,,75,no,no,0,0,wma,yes,no,world,reload,no,raw\sound\fly\gear\rattle\rattle_03.xm4,0,raw\sound\fly\gear\rattle\rattle_03.mp3,0,raw\sound\fly\gear\rattle\rattle_03.wav,0,raw\sound\fly\gear\rattle\rattle_03.wds,0,wpn_ww2,all
wpn_thompson_raise_plr,raw\sound\fly\gear\rattle\rattle_04.wav,wpn_all_reload_plr,wpn_thompson,,reload,100,100,100,0,0,0,default,default,allon,rdefault,5,priority,5,reject,-88,84,0,70,70,0.25,1,2d,loaded,nonlooping,,1,0,88,,default,0,0,0,0,0.5,0.5,no,yes,none,1000,no,,both,no,no,,,75,no,no,0,0,wma,yes,no,world,reload,no,raw\sound\fly\gear\rattle\rattle_04.xm4,0,raw\sound\fly\gear\rattle\rattle_04.mp3,0,raw\sound\fly\gear\rattle\rattle_04.wav,0,raw\sound\fly\gear\rattle\rattle_04.wds,0,wpn_ww2,all
